연번,시설명,주소
1,사비오그룹홈,서울시 광진구 자양로44길 149 
2,꽃가람그룹홈,서울시 광진구 자양로44길 141-3 202호
3,또하나의집 그룹홈,서울시 동대문구 약령시로5길 22-10 
4,초롱꽃네,서울시 중랑구 망우로66길 32-5 101호
5,같이,서울시 중랑구 용마산로271 103동 604호
6,무지개그룹홈(구.다윤이네집),서울시 성북구 장월로1마길 1-8 
7,새터민청소년그룹홈 <가족>,서울시 성북구 북악산로1다길 3 1층
8,슬기의집 그룹홈,서울시 성북구 성북로8다길 17 403호
9,우애의집,서울시 성북구 장위로 31 103호
10,은총의 집,서울시 성북구 솔샘로5길 34 401호
11,새터민청소년그룹홈 <한식구>,서울시 성북구 북악산로1다길 3 2층
12,안젤라의집,서울시 성북구 장위로32길 11  
13,베타니아,서울시 성북구 동소문로15길99 122동1002호
14,은혜의 집,서울시 성북구 북악산로 913 10-103
15,둥근나라,서울시 강북구 덕릉로30길 19 3층
16,예닮의집,서울시 강북구 화계사길 5-15 
17,도밍고의 집,서울시 강북구 솔매로41길 37-10 
18,베리타스,서울시 강북구 솔매로41길 37-20 
19,하늬네,서울시 노원구 한글비석로 49길20  301호
20,가온나래,서울시 노원구 동일로195길 39 101-1505
21,테바 그룹홈,서울시 노원구 화랑로 556 101-103
22,성모의집,서울시 은평구 가좌로12길 15  103동 101호 
23,영라이프그룹홈,서울시 은평구 연서로37가길 23-1 201호
24,한울타리,서울시 서대문구 연희로2길 46 501호
25,디딤터,서울시 서대문구 모래내로17길 65-6 202호
26,애신아동공동생활가정,서울시 서대문구 증가로12나길 87 401호
27,우리집그룹홈,서울시 서대문구 증가로6길 55  1층
28,살레시오신월5동나눔의집,서울시 양천구 월정로 306 103동 105호
29,요셉천사의집,서울시 양천구 오목로5길 20 202동 101호
30,살레시오양천나눔의집,서울시 양천구 남부순환로54길 37 4층
31,헤아림그룹홈,서울시 양천구 은행정로 15길 17 303호
32,소망그룹홈,서울시 양천구 오목로 160 101동 603호
33,새희망 공동생활가정,서울시 양천구 은행정로 19길 3 B동 201호
34,양천새희망공동생활가정,서울시 양천구 신정로300 501동 705호
35,에스더그룹홈,서울시 양천구 중앙로57길 35 101동 605호
36,마드레나자레나의집,서울시 강서구 강서로26길 51-8 
37,살레시오방화동나눔의집,서울시 강서구 방화대로45길 56-4 
38,예원,서울시 강서구 강서로45길 138 804호
39,아름다운집(구. 라온그룹홈),서울시 강서구 송정로 14-12 1층
40,효주아녜스의 집,서울시 강서구 까치산로4가길 36 
41,하늘품공동생활가정,서울시 강서구 양천로489 103동 101호 
42,e-좋은만남 그룹홈,서울시 구로구 고척로27나길 28-10 201호
43,행복한집,"서울시 구로구 개봉로15길 74-2 201호,202호"
44,궁동그룹홈,서울시 구로구 오리로22나길 16-24 
45,노스토스의집,서울시 구로구 서해안로 2368 101동 803호
46,킹스키즈그룹홈,서울시 영등포구 대림로 256 101-703
47,서울나자렛집,서울시 동작구 신대방길85 104동 201호
48,꿈터그룹홈,서울시 동작구 양녕로22라길 23 401호
49,행복한우리집,서울시 관악구 국회단지길 67 502호
50,민들레쉼터,서울시 관악구 문성로 38길 37-7 201호
51,예수그리스도의집,서울시 관악구 양지5길36 
52,아모그린텍 장미가정,서울시 관악구 남부순환로 152가길 12 2층
53,아모텍오디가정,서울시 관악구 봉천로 17길 11 103호
54,늘푸른청소년미래,서울시 관악구 호암로 417 108동 802호
55,성심효주의집,서울시 서초구 동광로 18길 64 202호
56,서초꿈,"서울시 서초구 서초대로 114-14 1,2층"
57,소년예수의집,서울시 송파구 거마로24길 14 
58,예성의집,서울시 송파구 성내천로 77 4층
59,별빛내리는마을,서울시 송파구 동남로24길 11 5층
60,행복한우리,"서울시 송파구 올림픽로 47길 9-10 301, 302호"
61,봄채,서울시 송파구 동남로24길 11 4층
62,한빛마을,서울시 송파구 백제고분로 28길 19-24 501
63,조은날영라이프(폐업),서울시 송파구 성내천로43가길 12 202호
64,푸른우리집,서울시 강동구 아리수로76길 36 201호
65,강남드림빌,서울시 강남구 양재대로344-27 
66,강동꿈마을,서울 강동구 천호대로186길 21 1층
67,구세군서울후생원,서울시 서대문구 독립문로8길 41 구세군서울후생원
68,그레이스빌,충청남도 아산시 배방읍 갈매길 159-4 그레이스빌
69,남산원,서울시 중구 소파로2길 31 
70,동명아동복지센터,서울시 관악구 봉천로23라길 15 동명아동복지센터
71,데레사의집,서울시 은평구 응암로21길 11-20 데레사의집
72,리라아동복지관,안성시 원곡면 용소길 65
73,명진들꽃사랑마을,서울시 강동구 구천면로 68나길 10-1  
74,삼동보이스타운,서울시 마포구 가양대로 124 삼동보이스타운
75,상록보육원,서울시 관악구 남현길 63 상록보육원
76,서울SOS어린이마을,서울시 양천구 가로공원로 58길 46 서울sos어린이마을
77,서울성로원,서울시 동작구 만양로60 
78,서울특별시꿈나무마을 파란꿈터,서울시 은평구 백련산로14길 20-11 
79,서울특별시꿈나무마을 초록꿈터,서울시 은평구 백련산로14길20-11 초록꿈터
80,서울특별시꿈나무마을 연두꿈터,서울시 은평구 백련산로14길20-11 연두꿈터
81,선덕원,서울시 종로구 세검정로7가길 15-1 건물전체
82,성남보육원,충청남도 서산시 쌍연북3길 33 성남보육원
83,성모자애드림힐,서울시 노원구 덕릉로 70가길 45 
84,성심원,"용인시 수지구 고기로45번길 40-11 본관, 동천동"
85,성애원,경기도 이천시 구만리로314 
86,송죽원,서울시 서대문구 송죽길23 1층 사무동
87,시온원,서울시 동작구 동작구 상도로 39길 48 
88,신망원,경기도 양평군 신원1길142번길 60 신망원
89,신명아이마루,경기도 화성시 기배로43번길26 
90,애향아동복지원,경북 김천시 어모면 용문산길 551-25 애향아동복지원
91,에델마을,서울시 구로구 천왕로47 
92,영락보린원,서울시 용산구 후암로4길 70 
93,오류마을,서울시 구로구 오류로8길 84 오류마을
94,은평천사원,서울시 은평구 갈현로11길30 구산동191-1
95,이든아이빌,서울시 성동구 왕십리로21라길11 이든아이빌
96,지온보육원,서울시 강서구 금낭화로26가길 120 지온보육원
97,청운보육원,서울시 동작구 국사봉1길 145 청운보육원
98,혜명보육원,서울시 금천구 탑골로 35 혜명보육원
99,혜심원,서울시 용산구 소월로2나길 18 혜심원
100,서울특별시립 동부아동복지센터,서울시 동대문구 답십리로69길 106 
101,서울특별시립 서부아동복지센터,서울시 은평구 백련산로 14길 20-11 서부아동복지센터
102,돈보스코오라토리오,"서울시 영등포구 서울 영등포구 여의대방로 65 돈보스코청소년센터 3,4층"
103,마자렐로센터,서울시 영등포구 신길로 93 마자렐로센터
104,살레시오청소년센터,서울시 영등포구 서울시 영등포구 디지털로 70길 7 
105,돈보스코자립생활관,서울시 영등포구 여의대방로65 돈보스코자립생활관
106,상록여자자립생활관,서울시 관악구 남현길 63 
107,청운자립생활관,서울시 동작구 국사봉1길 145 청운자립생활관
108,행복한우리집,부산시 중구 중앙공원로 107 303호
109,파랑새그룹홈,부산시 동구 망양로694번길 5 3층
110,랄랄라가족그룹홈,부산시 동구 망양로476번길11-1 1층
111,이삭의 집,부산시 동구 망양로822번길7 1~3층
112,안드레아청소년의집,부산시 영도구 청학로 79-7 
113,찬미의집,부산시 부산진구 엄광로 68 120동 101호
114,연화동산,부산시 동래구 아시아드대로164번길 16 203호(사직동)
115,예꿈아홈,부산시 남구 석포로64번길 21-11 
116,부산해피홈,"부산시 남구 진남로 96번가길8-1  1층,2층"
117,파더스하우스,"부산시 남구 천제등로 28번길 43 1,2,층"
118,오륙도행복꿈터,부산시 남구 용호로269번길90 벽산아파트 108호
119,온새미로,부산시 남구 유엔평화로152-2 103동103호
120,이삭나래홈,부산시 남구 전선등로3번길 60-10 
121,무지개 그룹홈,부산시 북구 덕천로234번길 34 203동 104호
122,위즈맘,"부산시 북구 덕천로234번길34 207동302호(만덕동,럭키아파트)"
123,하나그룹홈,부산시 해운대구 재반로 64번길 74-1 209호
124,꽃담,부산시  해운대구  재반로84번길116  206호
125,하늘채 그룹홈,부산시 사하구 다대로473 105동203호
126,자비동산,부산시 금정구 반송로 440-6 
127,열린그룹홈,부산시 강서구 신호산단3로55 103-304
128,둥지공동생활가정,부산시 연제구 세병로 24번길 26-1 1층
129,라온그룹홈,부산시 연제구 해맞이로61번길 52 502호
130,에바다리더홈,부산시 사상구 동주로16번길 43 1층
131,에바다드림홈,부산시 사상구 동주로16번길 43 1층
132,예그린,부산시 사상구 대동로 98 105동 102호
133,천사의집,부산시 사상구 엄궁북로 61 401동 102호
134,단비,부산시 기장군 대청로7 이진캐스빌골드아파트 202동 1104호
135,소년의집,부산시 서구 감천로237 (암남동)
136,송도가정,부산시 서구 천해남로7 5
137,미애원,부산시 동구 망양로 641 
138,파랑새아이들집,부산시 영도구 와치로 78 
139,매실보육원,부산시 부산진구 동평로116번길 36 
140,새들원,부산시 동래구 금정마을로 83 온천동
141,우리집원,부산시 동래구 우장춘로 192-1 온천동
142,새빛기독보육원,부산시 남구 신선로452 
143,은혜의집,부산시 해운대구 해운대로295번길16 
144,박애원,부산시 해운대구 해운대로 469번길 76
145,애아원,부산시 사하구 감천로43번길 45-1 애아원
146,남광아동복지원,"부산시 금정구 중앙대로 2349번길 3  노포동, 남광아동복지원"
147,동성원,부산시 금정구 두실로7번길 63 구서동
148,성애원,부산시 금정구 금샘로41 장전동
149,희락원,부산시 금정구 노포사송로 169 희락원
150,소양무지개동산,부산시 강서구 동선길 369 소양무지개동산
151,동산원,부산시 수영구 광일로 29번길 42 동산원
152,부산광역시아동일시보호소,부산시 동래구 금정마을로 83 온천동
153,새롬아동센터,부산시 동래구 금정마을로 93 온천동
154,미네르바의집,부산시 북구 시랑로114번길 45 C동
155,한몸,대구시 중구 국채보상로 149길 501호
156,성바오로 청소년의 집,경북 군위군  가호1길 118-22 성바오로 청소년의 집
157,예빛그룹홈,대구시 수성구 지범로31길 11-8 2층
158,성림아동원,대구시 수성구 성동로74-16 성림아동원
159,봄의집,대구시 수성구 들안로 16길 22 
160,드림나래,대구시 수성구 파동로51길 74 
161,대구신망애원,대구시 수성구 희망로 121 
162,SOS아동보호센터,대구시 수성구 무열로 171 
163,늘사랑청소년센터,대구시 수성구 국채보상로 906 2층
164,신애보육원,대구시 서구 북비산로33길9-2 전동
165,사랑의울타리,대구시 북구 학정로48길 32-3 2층
166,소망의울타리,대구시 북구 학남로17길20-39 3층
167,새볕원,대구시 북구 영송로 36-6 A동
168,천광원,대구시 북구 동북로 57 산격동
169,희망의집,대구시 북구 대불서길5 (산격동)
170,대구SOS어린이마을,대구시 동구 해동로 219 
171,애생보육원,대구시 동구 방촌로 69 
172,육영학사,대구시 동구 신평로 57 
173,베다니농원,대구시 동구 율하동로28길 8 
174,신생원,대구시 동구 금강로 105 0
175,검사SOS자립생활관,대구시 동구 방촌로1길 9 검사동913-13
176,삼덕SOS자립생활관,대구시 중구 공평로 4길10 사무실
177,우리들세상남학생,대구시 달서구 월배로199-18 1층
178,우리들세상여학생,대구시 달서구 월배로199-18 2층
179,에덴그룹홈,대구시 남구 현충로 26길 3층
180,해맑은아이들의집,대구시 남구 안지랑로11길 83 501호
181,해맑은친구들의집,대구시 남구 안지랑로 60-1 302호
182,참좋은우리집,대구시 남구 중앙대로126  광명전5층
183,등불의집,대구시 남구 두류공원로12길 25-62 
184,대구아동복지센터,대구시 남구 대덕로 193 없음
185,호동원,대구시 남구 희망로5길 19 호동원
186,에덴원,대구시 남구 효서길8 
187,영생애육원,대구시 남구  대명로 156 영생애육원
188,너랑나랑의집,인천 중구 참외전로 84 너랑나랑의집
189,세리아,인천 중구 영종순환로 169번길 64-1 
190,미추홀구신나는그룹홈,인천 미추홀구 학익소로61번길 132 25동 101호
191,스위트홈,인천 미추홀구 인주대로 326-1 
192,다올의집,인천 미추홀구 인주대로35번길 12-16 201호
193,해피드림,인천 연수구 함박뫼로123 101동 101호
194,남동아동그룹홈,인천 남동구 독곡로16번길 22-7 401호
195,희망아동그룹홈,"인천 남동구 석산로208번길 27-19 1층, 2층"
196,시정의집,인천 부평구 마장로269번길 91-61 2층
197,엘피스,인천 부평구 부흥로386번길 35 1층
198,인천계양아동청소년그룹홈,인천 계양구 아나지로 199 효성뉴서울 505동802호
199,행복한집공동생활가정,인천 서구 완정로208 104동 104호
200,꿈이있는집,인천 서구 검단로622 105동 107호
201,SY엔터테인먼트,인천 서구 완정로34번길47 110동710호
202,예람공동생활가정,인천 서구 고산후로161번길28 2층
203,아너클래스공동생활가정,인천 서구 완정로34번길47 101동502호
204,프렌즈,인천 서구 검단로836 월드아파트 101동 204호
205,온유,인천 서구 서곶로12 힌신그랜드힐빌리지24동505호
206,디차힐,인천 주구 마장포로 29번길 4 
207,보라매보육원,인천 동구 화도진로 126 
208,인천보육원,인천 미추홀구 매소홀로 446번길 50 
209,해성보육원,인천 미추홀구 인하로 91번길 15 
210,향진원,인천 미추홀구 석정로329번길32 
211,신명보육원,인천 부평구 경인로 749 
212,해피홈보육원,인천 부평구 경인로 898 해피홈보육원
213,파인트리홈,인천 부평구 일신로 29 -
214,계명원,인천 강화군 양도면 강화남로 518번길 6-41
215,인천보라매아동센터,인천 중구 백운로 528길 57 운북동
216,남동구 아동복지종합센터,"인천 남동구 용천로 208 2층, 201호"
217,푸른마을아동복지종합센터,인천 미추홀구 매소홀로 446번길 50 
218,솔샘나우리아동복지종합센터,인천 미추홀구 인하로 91번길 15 
219,누리마루아동복지종합센터,인천 미추홀구 석정로 329번길 32 
220,인천광역시 아동복지관,인천  중구   참외전로 246  인천축구전용경기장 내
221,계명수련원,인천 강화군 양도면 강화남로 518번길 6-41
222,사무엘,광주광역시 동구 필문대로171번길 27-7 산수동
223,로뎀의집,광주광역시 동구 무등로451 산수동
224,꿈그린공동생활가정,광주광역시 동구 화산로350번길 18 용산동
225,밝은그룹홈,광주광역시 동구 무등로374 계림동
226,벧엘의집공동생활가정,광주광역시 동구 밤실로 150 산수동
227,성빈에스더집그룹홈,광주광역시 동구 필문대로 106번길 4401호 계림동
228,열린공동생활가정,광주광역시 동구 필문대로 12-7 금호아파트 계림동
229,로뎀나무그룹홈,광주광역시 서구 운천로56번길 7 103동 103호
230,돈보스코나눔의집,광주광역시 서구 세동1길 44 (세하동)
231,세움그룹홈,광주광역시 서구 화운로 37 102동 202호
232,도담그룹홈,광주광역시 서구 운천로 61 104동 104호
233,희망넝쿨,광주광역시 남구 서문대로 760 101동 106호(주월동)
234,누리봄그룹홈,광주광역시 남구 봉선2로 96-14 202동 804호(봉선동)
235,꿈사랑,광주광역시 남구 효우2로90 605동 1004호(행암동)
236,혜성공동생활가정,광주광역시 남구 금화로 449-1 (월산동)
237,레인보우그룹홈,"광주광역시 북구 유림로175 102동101호(삼익아파트, 동림동)"
238,샬롬공동생활가정,광주광역시 북구 삼정로 108 101동 103호
239,빛천사공동생활가정,광주광역시 북구 유림로 175 107동 304호
240,해맑은그룹홈,광주광역시 북구 양산신촌길29번길6 1층
241,참빛지역아동그룹홈,광주광역시 북구 서강로 79-18 1층
242,성빈민들레집그룹홈,광주광역시 북구 중흥로173번길 8-7 A동301호
243,오아시스그룹홈,광주광역시 북구 동운로 141 101동 1층
244,우람사나래그룹홈,"광주광역시 북구 설죽로196번길 22 1동 108호(용봉동, 1층)"
245,함세아그룹홈,광주광역시 북구 서암대로199 101동103호
246,참사랑그룹홈,광주광역시 북구 양지길12-4 1층
247,알바트로스그룹홈,광주광역시 북구 동림용산로12-7 3층(동림동)
248,푸른숲,"광주광역시 북구 반룡로 58  203호(유창하이리빙 2차, 용봉동)"
249,성빈무지개집그룹홈,광주광역시 북구 군왕로119번지 1동 101호
250,길상원그룹홈,"광주광역시 광산구 사암로271  105동 1003호(월곡동, 일신아파트)"
251,애자람그룹홈,"광주광역시 광산구 송도로320번길 16-15 203동 303호(송정동, 명지아파트)"
252,나래울그룹홈,광주광역시 광산구 월곡중앙로34번길 20 1층(월곡동)
253,꿈자람그룹홈,"광주광역시 광산구 소촌로152번길 11 304동 103호(소촌동, 스위트밸리아파트)"
254,늘빛그룹홈,"광주광역시 광산구 풍영로294-8 106동 103호(장덕동, 고실마을부영사랑으로)"
255,한울그룹홈,"광주광역시 광산구 수등로 280 104동 101호(신가동, 호반리젠시빌)"
256,광주성빈여사,광주광역시 동구 백서로149 남동
257,광주일맥원,광주광역시 동구 지호로 73 지산동
258,무등육아원,광주광역시 동구 의재로 95 운림동
259,광주영신원,광주광역시 동구 화산로 237-5 용산동
260,노틀담형제의집,광주광역시 남구 오방로 4-1 (봉선동)
261,신애원,광주광역시 남구 송암로 132 (송하동)
262,광주애육원,광주광역시 북구 북문대로 242번 40 광주애육원
263,광주돈보스코나눔의집(신안동),광주광역시 북구 자미로 42 돈보스코나눔의집
264,용진육아원,광주광역시 광산구 복영길 24-19 (임곡동)
265,광주나자렛집,광주광역시 광산구 비아안길45-14 (비아동)
266,광주영아일시보호소,광주광역시 동구 지원로26 외 소태동
267,민들레일시보호소,광주광역시 동구 밤실로4번안길  지산동
268,무등자립생활관,광주광역시 동구 의재로 95 운림동
269,동명아동상담센터,광주광역시 남구 송암로 132 (송하동)
270,용진수련원,광주광역시 광산구 복영길 24-19 (임곡동)
271,참좋은집,대전광역시 동구 성동로 74 102동 201호
272,소망의집,대전광역시 동구 계족로 409번길 33 302호
273,신흥마을의집,대전광역시 동구 계족로450번길 35 301호
274,샤인하우스,대전광역시 동구 신기로 100 607동 104호
275,푸마네,대전광역시 중구 계백로 1603번길 50-8 401호
276,대전해피홈,대전광역시 중구 대종로593번길38-6 
277,행복한우리집,대전광역시 중구  안영로22번길 14 신도빌 401호
278,즐겁고행복한집,대전광역시 중구 대전천서로 401 401호
279,마르지않는샘,대전광역시 서구 도림4길 66 (도마동) 1층
280,이삭의집여자,"대전광역시 유성구 진잠로124번길 5-10 202,401,402호"
281,이삭의집남자,"대전광역시 유성구 진잠로160번길 31-9 401,402호"
282,애뜰,대전광역시 유성구 배울2로 24. 303동 502호
283,햇살가득한집,대전광역시 유성구 진잠로106번길 5-12  두리빌402호
284,열매마을의집,대전광역시 유성구 노은로 416 504동 1204호
285,밝은내일의집,대전광역시 대덕구 대전로1033번길 64-5 403호
286,대전자혜원,"대전광역시 동구 미래길16 (소제동219-189,2동,4층)"
287,평화의마을 아동복지쎈터,대전광역시 동구 가양로 85 가양동
288,성심원,대전광역시 동구  산내로386번길 8-26 하소동
289,늘사랑아동센터,대전광역시 중구 학고개로34번길 33 
290,구세군대전혜생원,대전광역시 서구 오량4길 61 (복수동) 구세군대전혜생원
291,후생학원,대전광역시 서구 정림서로138번길 65-5 (정림동) 후생학원
292,정림원,대전광역시 서구 정림동로30번길 15 (정림동) 정림원
293,돈보스코의집,대전광역시 서구 구봉로 458-1 (정림동) 돈보스코의집
294,시온보육원,대전광역시 서구 도솔로267번길 8 (내동) C동
295,천양원,대전광역시 유성구 현충원로 473 
296,성우보육원,대전광역시 대덕구 신탄진로 101 -
297,효광원,대전광역시 동구 산내로 1305번길 48 산내동
298,인애자립생활관,대전광역시 유성구 신성남로 97 
299,요셉의집,울산광역시 남구 대암로 82 202동 202호
300,행복하우스,울산광역시 남구 거마로 22 102동 101호
301,일곱빛 공동생활가정,울산광역시 남구 어은로 18번길 4-1 1층
302,희망둥지 은총의집,울산광역시 남구 꽃대나리로 46번길 24 103동 405호
303,어울림,울산시 동구 방어진순환도로631 1303호(일산동)
304,겨자씨,울산시  북구 덕곡길 12-1 (천곡동) 
305,온유와감사의집,"울산시  북구 약수9길 20 (중산동, 약수제일아파트) 나동 1105호 "
306,그루터기,울산 울주군 웅촌면 대복2길 17 1층
307,울산양육원,울산시 울주군 내곡능골길 129-18 
308,울산일시보호시설,울산시 울주군 언양읍 내곡능골길 129-18 D동 2층
309,울산자립생활관,울산시 울주군 언양읍 능골길39 울산자립생활관
310,영명보육원,세종시 세종시 연서면 월성로 239 영명보육원
311,YM그룹홈,"경기도 수원시 장안구 장안로 211 207동 101호(정자동, 동신아파트)"
312,꿈나무의집,경기도 수원시 권선구 고산로 9 (고색동)
313,나섬의집,"경기도 수원시 팔달구 정자천로32번길 20 167동 101호(화서동, 꽃뫼버들마을엘지아파트)"
314,샬롬하우스,"경기도 수원시 권선구 고산로6번길 45 101동 306호(고색동, 대원아파트)"
315,수원나르샤,경기도 수원시 팔달구 화양로 38번길 54 301호(화서동)
316,수원희망의집,"경기도 수원시 팔달구 화양로50번길 30 119동 104호(화서동, 블루밍 푸른숲 아파트)"
317,엘림그룹홈,"경기도 수원시 권선구 동수원로145번길 24 205동 102호(권선동, 수원아이파크시티)"
318,행복한집,"경기도 수원시 장안구 정자천로188번길 71-21 101동 908호(정자동, 현대아파트) "
319,희망넝쿨,"경기도 수원시 장안구 상률로 32 102동 201호(율천동, 밤꽃마을 뜨란채)"
320,국가대표,경기도 처인구 모현읍 곡현로661번길 5 A동 101호
321,로그인,경기도 기흥구 공세로 76 101동 1004호
322,맑은누리,경기도 기흥구 사은로 126번길 10 112동 203호
323,미래와희망,경기도 처인구 양지면 용곡로 19번길 13 B동 203호
324,안다미로,경기도 처인구 양지면 양지로 179번길 63-4 A동 302
325,이레,경기도 처인구 이동읍 경기동로 705번길 28 102동 1602호
326,하희의 집 ,경기도 기흥구 중부대로773번길 6-4 A동
327,하희의 집 B,경기도 처인구 중부대로773번길 6-4 B동
328,해피드림,경기도 처인구 금어로 102 202동 1401호
329,희망둥지,경기도 처인구 금학로 253번길 3-18 2층
330,비전공동체 우리집,경기도 고양시 공릉천로68  101동 103호 
331,사랑공동체사랑의집,경기도 구리시 탄중로101번길 36 102동 103호
332,앤하우스 그룹홈,경기도 남양주시 무궁화로 187번길 8-10 2층
333,일산별사랑그룹홈,경기도 파주시 일산로372번길 58-29 2층
334,햇살고운집,경기도 양주시 보광로222-15 
335,다정한우리집,경기도 성남시 자혜로17번길16 은행동 현대아파트 101-903호
336,민들레그룹홈,경기도 성남시 자혜로17번길 16 109-104
337,봄이네집,경기도 성남시 은이로5번길 21 301호
338,새날우리집,경기도 성남시 마지로 51 A동 301호
339,안나의집,경기도 성남시 중원구 산성대로80번길 12-4 
340,우리집그룹홈,경기도 안산시 수정로 111번길 26  301호
341,은행골우리집,"경기도 성남시 희망로 415,  101동 1401호"
342,작은사랑의집,경기도 성남시 중원구 원터로 93번길17     B01. 1F
343,즐거운우리집,경기도 성남시 자혜로17번길16. 107동401호
344,그린힐스,경기도 화성시 주석로690번길 52-12 -
345,무지개홈,경기도 화성시 자청로207번길 36 -
346,보람둥지,경기도 화성시 봉담읍 효행로 240 109동 101호
347,보물섬그룹홈,경기도 화성시 병점2로 102 201동 106호
348,봄볕그룹홈,경기도 화성시 병점2로 103 507동 104호
349,에덴하우스,경기도 화성시 영통로27번길 35 308동 404호
350,천사의 집,경기도 화성시 향남읍 행정동로 64 1402동 103호
351,파랑새그룹홈,경기도 화성시 안녕남로 16-20 103동 106호
352,행복둥지,경기도 화성시 한신대길 67 105동 103호
353,화성우리집,경기도 화성시 향남읍 행정동로 64 1414동 301호
354,화성의집,경기도 화성시 동탄지성로 319-19 106동 101호
355,화성희망,경기도 화성시 효행로291번길 26 105동 104호
356,맑은샘우리집,경기도 부천시 성곡로33번길 43 1층
357,부천우리집,경기도 부천시 원종로119번길 66 102동 101호
358,살레시오여월동나눔의집,경기도 부천시 성곡로 57번길 12 1층
359,엘림하우스,경기도 부천시 안곡로 194번길 14 엘림동 1층
360,우리가족,경기도 부천시 안곡로4 208동 103호
361,푸스펜의집,경기도 부천시 길주로 391번길 41-1 . 2층
362,노아의 집,경기도 남양주시 양지로 281번길 16 쌍용 스윗닷홈 101동 506호
363,로뎀의집,경기도 남양주시 금강로1530-14 진접 하우스토리아파트 103동 401호
364,마석그룹홈,경기도 남양주시 수레로1233번길 8 창현두산아파트 105동 1302호
365,채움사랑의집,경기도 남양주시 의안로240번길 16 세종리젠시빌 104동 102호
366,평강꿈나무집,경기도 남양주시 진건오남로100 한신그린아파트 1동 206호
367,평강사랑의집,경기도 남양주시 진건오남로105번길16 세아아파트 102동 1907호
368,한울,경기도 남양주시 봉현로36번길 11-1 삼신아파트 102동 601호
369,환희의신비,경기도 남양주시 수동면 입석1길 18 단독
370, 나르샤,경기도 안산시 후곡로36 401402304
371,가온바람,경기도 안산시 충장로6길 22-3 401호
372,기쁨의집,경기도 안산시 한양대학1길 59-5 401호
373,라온아띠,경기도 안산시 도매시장로 3길 13  301호
374,미라클,경기도 안산시 시낭북로1길1 302호
375,바라봄,경기도 안산시 삼리로 24 106동 202호
376,보금자리,경기도 안산시 석호공원로1길10 3층
377,빅사랑,경기도 안산시 상록구 이화3길 9 401호
378,상록수마을1호가정,경기도 안산시 충장로1길 44 401호
379,상록수마을2호가정,경기도 안산시 이호로7길 13 101호
380,상록수마을3호가정,경기도 안산시 충장로1길 12 302호
381,상록수마을4호가정,경기도 안산시 본이로1안길 9-1 101호
382,새밭토끼풀가정,경기도 안산시 화정천동로 2길56 401호(반지하 포함 4층)
383,성산의집,경기도 안산시 선삼로6길 11 301호
384,스마일하우스2호,경기도 안산시 와동공원로5길 23-10 302호
385,아모LED코스모스,경기도 안산시 와동공원로8길 60-1 402호
386,아모센스참나리가정,"경기도 안산시 와동공원로9안길 34 4층, 401호"
387,아모텍진달래가정,경기도 안산시 사세충열로3길 12-10 501호
388,야긴새벽이슬가정,경기도 안산시 우목골길 18-1 301호
389,에벤에셀,경기도 안산시 시낭안길 14-1 401호
390,옹달샘,경기도 안산시 선이로 6 1401호
391,요셉의집,경기도 안산시 선부광장북로 67 235동 4층
392,우리집2,"경기도 안산시 막고지1길 5 201호,301호(본오동)"
393,우리집3,경기도 안산시 막고지1길 5 401호(본오동)
394,이레,경기도 안산시 상록구해양1로30 713동104호
395,인애해바라기가정,경기도 안산시 화정천동로 5안길 41 402호
396,평강의집,경기도 안산시 오목로7길9-1 401호
397,한신예수가정,경기도 안산시 사세충열로4길3 301호
398,함박스마일,경기도 안산시 화정천동로5안길36 301호
399,함박웃음,경기도 안산시 평화안길31 301호
400,함박웃음2호,경기도 안산시 강서길29 401호
401,해피엔젤,"경기도 안산시 선부로 106 선부동,402호"
402,해피하우스푸른초장,경기도 안산시 선부로166 128동205호
403,기쁨해집,경기도 평택시 평택4로 124 103동 204호
404,스마일하우스 새날,경기도 평택시 평택4로 123 102동 802호
405,해피프렌드,"경기도 안양시 병목안로 220, 103 907호"
406,행복한그룹홈,경기도 시흥시 호현로21번길 25-1 2층
407,가온길,경기도 김포시 수기로 8 107동 404호
408,그룹홈 소풍,경기도 김포시 중봉1로 48-7 1층
409,다움,경기도 김포시 청송로20 210동 1603호
410,드리머,경기도 김포시 청송로19 310동204호
411,은빛마을,경기도 김포시 용강로 27번길 28 1층
412,하온 그룹홈,경기도 김포시 김포대로 2282 204동 902호
413,모듬살이 ,경기도 파주시  운정2길 50 
414,성보나,경기도 파주시 와석순환로307 1110동802호
415,에셀나무,경기도 파주시 청석로 300 대원효성@ 919-106호
416,사)청소년문화공동체 십대지기 꿈터,경기도 의정부시 녹양로71-7(녹양동 청구아파트) 101동 1205호
417,사)청소년문화공동체십대지기 사랑의집,경기도 의정부시 녹양로 71-7 101동 903호
418,사랑의집 진새골,경기도 광주시 초월읍 진새골길 171-15 1층 101호
419,참나무그룹홈,경기도  광주시 행정타운로 67 
420,토리네집,경기도  광주시 고불로 33 106동 103호
421,광명아동그룹홈,경기도 광명시 도덕로56 105동702호
422,꿈둥지,"경기도 광명시 도덕로56,중앙하이츠 105-705"
423,사랑둥지,경기도 광명시 덕단이로115 201-602
424,살레시오광명나눔의집,경기도 광명시 목감로88 102동 202호
425,예광공동체,경기도 광명시 오리로1034-3 단독
426,하누리,경기도 광명시  덕단이로 115 201동 2001호
427,안나의집,경기도 하남시 샘재로 44-19 1층
428,다솜둥지,경기도 군포시 봉성로 26 3층
429,성야고보의집,경기도 군포시 군포로456번길 19-4 3층
430,성요한의집,경기도 군포시 군포로456번길 19-4 4층
431,하늘둥지,경기도 군포시 봉성로 26 4층
432,광야의집,경기도 오산시 초평로84-4 208동 102호
433,알곡,경기도  오산시 세마문학로50 116-202
434,예담사랑의집,경기도 오산시  양산로 398번길 58-5 106동103호
435,이모네,경기도 오산시 세마역로19번길 51 301호
436,보현연꽃동산,경기도 양주시 백석읍 꿈나무로 311 205동 101호
437,라엘의집,경기도 이천시 대월면 대월로 848 104동 904호
438,해오름터,경기도 이천시 부발읍 경충대로 2241 103동 1002호
439,꿈이 흐르는 샘,경기도 구리시 벌말로 133-16 4층 401호
440,꿈나무 그룹홈,경기도 안성시 대덕면 외건지 1길 12 
441,느티나무 그룹홈,"경기도 안성시 남파로 130 106동 101호(당왕동, 쌍용아파트)"
442,다솜 그룹홈,경기도 안성시 대덕면 누르재안길 12-5 1층
443,룸비니동산 그룹홈,경기도 안성시 공도읍 방축길 10-26 2층
444,맑은물 그룹홈,경기도 안성시 공도읍 마정강변길33 201동 204호(임광그대가아파트)
445,백합 그룹홈,경기도 안성시 공도읍 구문길 15 
446,수산나네 집,경기도 안성시 대덕면 신령로 234-3 1층
447,수산나네 집 뜰안,경기도 안성시 대덕면 신령로 234-3 2층
448,온유 그룹홈,경기도 안성시 공도읍 공도로 142 101동 1303호(디자인시티블루밍)
449,자혜 그룹홈,경기도 안성시 공도읍 공도로 142 118동 802호(디자인시티블루밍)
450,즐거운 집 그룹홈,경기도 안성시 보개면 은행나무길 12-15 
451,풀꽃세상 로사의집,경기도 안성시 양성면 미리내성지로 342-29 
452,풀꽃세상 요셉의집,경기도 안성시 양성면 미리내성지로 342-25 
453,한빛 그룹홈,경기도 안성시 공도읍 양기길 46 109동 104호(송정그린빌아파트)
454,한우리 그룹홈,"경기도 안성시 서운로 791-10 210동 103호(중리동,안성중리2차동광아파트)"
455,행복한 집 그룹홈,경기도 안성시 당왕동 고수2로 28 101동 1304호(태영아파트)
456,희망의 집,경기도 의왕시  까치골길7 까치아파트109호
457,엘바인하우스,경기도 포천시 삼육사로 2111번길 34-15 3층
458,참나무우리집,경기도 포천시 일동면 소야길 95-28 
459,행복한우리집,경기도 포천시 삼육사로 2111번길 40 
460,어린양들의 집,경기도 양평군 월산길 88-57 (월산리)
461,빛고운,경기도 여주시 곱새기로 32-16 
462,사랑우리집,경기도 여주시 태평3길 40-8 다솜빌 201호
463,일신우리집,경기도 여주시 태평3길 40-8 다솜빌 301호
464,두드림이레,경기도 동두천시 행선로48-3 지행동
465,성베드로의집,경기도 과천시 부림3길 6-14 1층
466,사랑이가득한집,경기도 가평군 설악면 유명로 1090-9 A동
467,썸머힐,"경기도 가평군 청평면 경춘로 807-45, 세양청마루 105동 102호"
468,행복이가득한집,경기도 가평군 설악면 유명산길 64 
469,꿈이 있는 집,경기도 연천군 전곡읍 전은길 24 103동 602호(명정아파트)
470,임마누엘우리집,경기도 연천군 전곡읍 은전로91번길 6-14  4층 404호(신양빌라)
471,경동원,경기도 수원시 광교산로 374번길 55 (하광교동)
472,꿈을키우는집,경기도 수원시 송정로 90번길 33-2 (정자동)
473,동광원,경기도 수원시 팔달로173번길25-5 (화서동)
474,수원나자렛집,경기도 수원시 반달로 62-1 (영통동)
475,무법정사,용인시 처인구 양지면 중부대로 2517번길 90-1 
476,선한사마리아원,경기도 처인구 처인성로398번길 30 
477,신애원,경기도 고양시 통일로43-168 
478,성육보육원,경기도 평택시 이충로 13번길 110 성육보육원
479,애향아동복지센터,경기도 평택시 서정역로 5 애향아동복지센터
480,야곱의집,경기도 평택시 소사1길 33 야곱의 집
481,안양의집,경기도 안양시 예술공원로 117번길 32 
482,좋은집,경기도 안양시 예술공원로 52번길  46
483,평화의집,경기도 안양시 경수대로 905 평화의집
484,송암동산,경기도 시흥시 사미실90 송암동산
485,파주보육원,경기도 파주시 술이홀로907번길 139
486,평화원,경기도 파주시 주락길 46 
487,의정부영아원,경기도 의정부시 입석로 32번길 30 의정부영아원
488,이삭의집,경기도 의정부시 망월로28번길 51-13 이삭의집
489,광명보육원,경기도 양주시 장흥면 유원지로 406-94 
490,한국보육원,경기도 양주시 장흥면 유원지로 286-84 
491,신생보육원,경기도 안성시 금광면 북절골길 72 
492,명륜보육원,경기도 의왕시 원터아랫길 70 1층
493,꿈이 있는 마을,경기도 포천시 영북면 영북로 114번길 28 
494,나너우리집,경기도 양평군 양평읍 미리내길 171번길 24
495,누리의집,경기도 여주시 양화로 186-18 
496,믿음의집,경기도 여주시 가정긴골길 41-8 
497,상생복지회 우리집,경기도 여주시 중부대로 2806-2 
498,동두천아동센터,경기도 동두천시 장고갯로 138번길 16-13 (생연동)
499,애신아동복지센터,경기도 동두천시 방죽로 30 
500,경기남부아동일시보호소,경기도 안양시 경수대로 883번길 70 동방안양복지센터
501,경기도아동일시보호소,경기도 용인시 신송로141번길 27-8 
502,경기북부아동일시보호소,경기도 의정부시 입석로32번길 30 
503,나사로 청소년의 집,경기도 양주시 남면 휴암로 365-80 
504,인영아동상담소,"경기도 수원시 파장천로 136-8 2, 3층"
505,화성시아동상담소,경기도 화성시 봉담읍 동화길146 4층
506,꿈나무아동종합상담소,경기도 부천시 안곡로194번길 14 29동
507,화성시i신나놀이터,경기도 화성시 동탄대로8길 6 2층
508,햇살누리요셉의집,강원도 원주시 북원중길 29-9 위드빌 101호
509,바라밀의집,강원도 강릉시 강릉대로422-12 미진2차101호
510,반야의집,강원도 강릉시 초당원길 26-2 101동 503호
511,마야의집,강원도 강릉시 연당길75  102동 105호
512,금강의집,강원도 강릉시 경강로2323번길10 1동102호(포남동)
513,하늘바라기집,강원도 태백시 장성1길 102-4 
514,대건의 집,강원도 태백시 서황지로10 1층
515,아띠의 집,강원도 속초시 미시령로 3409 103동 102호(럭키설악타운2차)
516,보석그룹홈,강원도 삼척시 봉황로123 2층
517,섬강,강원도 횡성군 횡성군 우천면 전재로33 
518,은총의집,강원도 영월군 영월읍 타련골길 31-7 
519,요셉의집,강원도 영월군 영월읍 타련골길 133-11 
520,아이마을,강원도 영월군 북면 삼방산길 141-46 
521,아이마을2,강원도 영월군 북면 삼방산길 141-46 2층
522,대철베드로의집,"강원도 정선군 정선로 1245-11 101-604,504호"
523,천사의집,강원도 양구군 소양석현길 68-33 
524,애민보육원,강원도 춘천시 우두상리길 90 
525,성애원,강원도 원주시 섭재삼보길 89 
526,자신 보육원,강원도 원주시 육판길 1 
527,원주아동센터,강원도 원주시 태장둔치길149 
528,심향영육아원,강원도 원주시 대덕길 133 
529,강릉보육원,강원도 강릉시 강변로 450 입암동
530,명동보육원,강원도 홍천군 석화로 85-8 
531,풍익홈,강원도 화천군 하남면 춘화로 3370 
532,강원도아동복지센터,강원도 원주시 도매촌길 54 강원도아동복지센터
533,강릉자비아동복지센터,강원도 강릉시 경강로2267번길 19 포남1동
534,강원도아동자립지원시설,강원도 원주시 백간길 125 1층
535,꿈이있는집,충북 청주시 호미로161번길 64 301호
536,모퉁이돌그룹홈,충북 청주시 상당구 호미로 198번길 10-4  301호
537,와이즈하우스,충북 청주시 서현중로23번길12 3층
538,참좋은집,"충북 청주시 천석로46번길 18-6 1,2층"
539,해뜨는집,충북 청주시 호계길25 
540,희망나무,충북 청주시 1순환로 296번길 30 3층
541,남청주비전하우스,충북 청주시 영운천로203번길36-4       402호
542,드림하우스그룹홈,충북 청주시 두꺼비로19번길11-2 301호
543,민들레,충북 청주시 영운천로133번길 5-1 301호
544,서원경,충북 청주시 영운천로119번길 30 202호
545,예찬하우스,충북 청주시 신평중신1길62 2동
546,청주투모루그룹홈,충북 청주시 성화로69번길 24-6 301호
547,해오름집,충북 청주시 외옥제방길 13 1층
548,자혜원,충청북도 충주시 산척면 광동길 199 1층
549,사라의집,충청북도 충주시 예성4길 34 402호(교현동)
550,옹달샘,충북 제천시  구학산로 520  
551,초록별,충북 제천시 구학산로 528 
552,바라봄,충북 제천시 백운면 천등박달로 1358-5  
553,모해그룹홈,충북 영동군 심천면 난계로 505 2층
554,작은보금자리,충북 단양군 대강면 미노4길 87-9 
555,한가족그룹홈,충북 단양군 매포읍 삼곡길 234 
556,나우그룹홈,충북 단양군 어상천면 심곡5길 14-9 
557,하시리우리집,충북 단양군 매포읍 하시5길 38 
558,여름,"충청북도 충주시 국원대로166 107동 602호(연수동, 임광아파트)"
559,진여원,충청북도 충주시 동량면 화암양목길 125 
560,늘푸른아동원,충북 청주시 서부로 837-102 
561,충북육아원,충북 청주시 서원구 충렬로 3 
562,충북혜능보육원,충북 청주시 환희2길 68-14 
563,현양원,충북 청주시 상당구 산성로 658번길 301
564,제천영육아원,충북 제천시 탑안로 424 
565,영실애육원,충청북도 옥천군 대천길35 영실애육원
566,음성향애원,충청북도 음성군 용광로 48번길 11 음성향애원
567,음성꽃동네아동복지시설,충청북도 음성군 덕금로340-1 음성꽃동네아동복지시설
568,꽃동네천사의집,충청북도 음성군 꽃동네길 40-29 노기남바오로대주교센터
569,라파의 집,충청북도 충주시 충주호수로1429 
570,로뎀청소년학교,충북 제천시 오미로13길 37 
571,현양자립생활관,충북 청주시 1순환로392 3층
572,하소아동복지관,충청북도 제천시 용두대로23길 26  
573,신백아동복지관,충청북도 제천시 관전로 2길 6  
574,고센아동문화복지센터,충청북도 괴산군  문광면 괴산로 3238-33 
575,해피홈,"천안시 동남구 동남구 청수로 99 104동 602호(청수동, 극동아파트)"
576,행복한,"천안시 동남구 동남구 터미널 9길 59 205동 602호 (신부동, 대림한들아파트)"
577,하늘,"천안시 동남구 중앙로 255-21 102동 1002호(신부동, 우방유쉘아파트)"
578,기쁨드림,"천안시 동남구 풍세로 1010-31 101동804호(청수동, 청수현대아파트)"
579,무지개,천안시 동남구 신부13길 3-6 
580,다윗,천안시 서북구 서북구 노태산로 21 
581,성환,"천안시 서북구 서부7길 11 103호(성정동, 삼풍빌라)"
582,꿈찬,"천안시 서북구 미라15길 24 102동 104호(쌍용동, 대우타워아파트)"
583,우리집,"천안시 서북구 백석로136 107동 201호(백석동, 현대아파트)"
584,함께하는 공동생활가정,충청남도 공주시 공주대학로 9 201동 803호
585,라임하우스,충청남도  아산시 온중로6 106동105호
586,예향원,충청남도  아산시 신창면 온천대로 848-25 2층
587,자연처럼,충청남도  아산시 배방읍 호서로460 130동 502호
588,푸른아이,충청남도  아산시 배방읍 호서로 460 115동 1206호
589,아이누리,충청남도  아산시 배방읍 호서로 460 103동 1304호
590,따뜻한둥지,충청남도  아산시 문화로243번길 13 101동 201호
591,따둥,충청남도  아산시 문화로243번길 13 101동 202호
592,사랑샘,충청남도  아산시 배방읍 호서로460 129동1103호
593,꿈둥지,충청남도 서산시 동서1로 152-15 B동 2층
594,행복한둥지,충청남도 서산시 남부순환로 705-12 
595,참소중한집,충남 당진시 합덕읍버그내1길193-11 
596,에스더그룹홈,충청남도 당진시 순성면 갈뫼길 39-29 
597,샬롬,당진시 송악읍 신복운로3길27 202동701호
598,이루다그룹홈,당진시 송산면 석문방조제로 486-35 1층
599,어깨동무그룹홈,당진시 송악읍 신복운로3길 28 205동1504호
600,하늘나무,충남 예산군 건지화1길  202호
601,희망터전,충청남도 태안군 옥파로 16 1층
602,봄언덕,충청남도 태안군 옥파로 16 2층
603,예꿈,충청남도 태안군 군청11길 15 2층
604,삼일육아원,천안시 서북구 서부대로 349 
605,익선원,천안시 서북구 성거읍 성진로 596 
606,신아원,천안시 동남구 무남길 53 
607,대천애육원,충남 보령시 마루뜰길 36 대천애육원
608,보령육아원,충남 보령시 보령남로 207 보령육아원
609,아인하우스,충청남도  아산시 곡교천로27번길 31-3 
610,계룡학사,충청남도 논산시 화악1길 27
611,에덴보육원,충청남도 논산시 연무읍 동안로 873-8 
612,논산애육원,충청남도 논산시 득안대로 1363 강산동
613,향림원,충청남도 금산군 문화마을로 24-7 
614,삼신늘푸른동산,충남 부여군 왕릉로664 
615,사랑샘,충청남도 홍성군 광천읍 상정1길 1-38
616,새감마을,충청남도 예산군 봉운로 81-82 
617,충남향림자립생활관,충청남도 금산군 추부면 대학로 201-1 
618,감람나무그룹홈,"전라북도 전주시 학봉2길11, 진흥하이츠아파트 115호"
619,꿈꾸는집그룹홈,전라북도 전주시 따박골 5길47 5층
620,새희망그룹홈,전라북도 전주시 장승배기8길 13 나동 104호
621,건강한가족그룹홈,전라북도 전주시 어은로92-1 
622,포도원그룹홈,전라북도 전주시 안행2길 13 301호
623,푸르니그룹홈,전라북도 전주시 백제대로13 105동 101호
624,플러스그룹홈,전라북도 전주시 거마평로 189-47 1동 101호
625,해피투게더그룹홈,전라북도 전주시 덕진구 명주 4길 26-2 
626,사랑애샘터그룹홈,전라북도 전주시 호성로132 108동1005호
627,아미고의집그룹홈,전라북도 전주시 편운로 26-1 2층
628,기쁨그룹홈,전라북도 전주시 신봉로 52 4동 209호
629,둘하나그룹홈,전라북도 전주시 강변로 220-16 2-1005
630,사랑의보금자리,전라북도 전주시 덕산길 38-8 
631,징검다리,전라북도 전주시 삼송3길 41 A동 202호
632,해피하우스,전라북도 전주시 거마서로 63 3층
633,우리집그룹홈,전라북도 전주시 오정2길 22-7번지 201호
634,한울,전라북도 전주시 서원로 272 2동 810호
635,소망의집,전라북도 전주시 태진로61  A동 104호
636,평화의집,전북 군산시 상신6길5-6 101호
637,평안한집,전북 군산시 하나운로 48 201동 1004호
638,사회적협동조합 행복의뜰,전북 군산시 축동로188 103동 103호
639,꽃동산,전북 군산시 검다메안길 6-8 3층
640,사회적협동조합더불어숲,전북 군산시 개정면 정수길 22-13 (운회리 631-41)
641,우림그룹홈,전북 군산시 축동로 188 103동 1101호
642,해바라기사회적협동조합,전북 군산시 하나운로45  103동 104호
643,참조은집,전북 군산시 공단대로54 105동 1104호
644,해나래,전북 군산시 백토로 230 103동 902호
645,꽃봉지,전라북도 익산시 동서로 41길 5-9 2층
646,해뜨는우리집,전라북도 익산시 서동로18길 46-1  101동 107호
647,코비,전북 김제시 요촌동2길 33-20 퍼스트빌 401호
648,소망,전라북도 김제시 두월로207 나동701호
649,아이들세상,전라북도 완주군 삼례역로 42 
650,아버지의집,전라북도 완주군 원화심길 15 
651,꿈과사랑 그룹홈,전라북도 완주군 청암길 43 
652,가나안나눔터,전북 진안군 상전면 금지2길 4-3 
653,사랑샘터,전라북도 진안군 부귀면 소태정길 125 
654,창조의집,전북 진안군 진안읍 평촌길 1-19 
655,인보의집,전북 진안군 진안읍 대광2길 18 
656,하늘사람들,전라북도 임실군 관촌면 사선6길 14-1 
657,파랑새 그룹홈,전라북도 임실군 관촌면 신전4길 21-39 
658,하늘빛 그룹홈,전라북도 순창군  인덕로 147 
659,전주영아원,전라북도 전주시 중산2길 7 
660,호성보육원,전라북도 전주시 추천로217-28 
661,삼성휴먼빌,전라북도 전주시 만지길20-15 
662,삼성애육원,전북 군산시 구영2길 15 
663,모세스영아원,전북 군산시 쌍천로 82-12 
664,일맥원,전북 군산시 석치2길 14 
665,구세군군산후생원,전북 군산시 월명로 514 
666,기독삼애원,전라북도 익산시 하나로278 
667,이리보육원,전라북도 익산시 익산대로33길 28 
668,시온육아원,전라북도 익산시 왕궁면 학호 2길 29 
669,정읍애육원,전라북도 정읍시 태평7길 74-6 
670,선덕보육원,전라북도 완주군 신지송광로 533 
671,고창행복원,전라북도 고창군 모양성로 116-13 고창행복원
672,요엘원,전라북도 고창군 무장면 학천로 221 
673,다정아동일시보호,전라북도 전주시 추천로 217-26 
674,희망샘학교,전라북도 고창군 학천로267-16 
675,삼성자립생활관,전라북도 전주시 만지길20-15 
676,목포우리집,전라남도 목포시 원산로60번길3-1 1층
677,푸른초장 그룹홈,"전라남도 목포시 산정로120번길6 1,2층"
678,매당기행,전라남도 목포시 영산로 535번길6 106동405호
679,한울타리,전라남도 목포시 죽교천로136번길14 103호(산정동.성광빌라트)
680,늘푸른집,전라남도 여수시 공화남4길 12(공화동) 
681,해오름둥지,전라남도 여수시 진남로 119-1(관문동) 
682,평화로운집,전라남도 순천시 연향번영길94 연향동동성아파트106동 401호
683,가온,전라남도 광양시 무등2길3-1 
684,꿈꾸는 나무,전라남도 광양시 목성1길 29-10 903호
685,도담그룹홈,전라남도 광양시 담안2길 39-14 
686,새날,전라남도 광양시 회암길 3-24 1층
687,새 꿈터,전라남도 담양군 전남 담양군 담양읍 남촌길 77 
688,사과나무공동생활가정,전라남도 담양군 봉산면 신학길 103 단독주택1층
689,큰사랑그룹홈,전라남도 곡성군 무옥로 230-56 
690,하랑,전라남도 구례군 구례로 291 1층
691,파란마음,전라남도 고흥군 영남면 해맞이로 1291-8
692,문화마을공동생활가정,전라남도 고흥군 과역면 문화마을길 18-2 단독주택
693,사랑뜰아동그룹홈,전라남도 보성군 벌교읍 월정길130-11 나동 
694,휘연아동그룹홈,전라남도 보성군 벌교읍 월정길130-11 가동 
695,장흥탐진그룹홈,전라남도 장흥군 못골길31 장흥탐진그룹홈
696,정남진그룹홈,전라남도 장흥군 동교로 36-16 102호
697,장흥아오로그룹홈,전라남도 장흥군 문림로14 1층
698,천사의집,전라남도 해남군 땅끝해안로 1539-2 
699,드림홈,전라남도 해남군 땅끝해안로1539-2 
700,무안늘품공동생활가정,전라남도 무안군 남악2로74번길14 107동601호
701,새생명마을,전라남도 영광군 용덕로1길 19 2층 1호
702,새꿈둥지그룹홈,전라남도 영광군 물무로 133 505호
703,드림하우스,전라남도 영광군 칠산로3길 44-32 가동
704,희망하우스,전라남도 영광군 칠산로3길 44-32 나동
705,연한가지,전라남도 영광군 원당길1길 5 
706,시냇가에 심은 나무,전라남도 영광군 원당길1길 5 나동
707,에셀나무,전라남도 영광군 향교길1길 4-20 
708,아이꿈터,전라남도 영광군 외룡로 193-3 
709,드림아이,전라남도 영광군 녹산로 135-5 나동 1층 A-101호
710,공생원,전라남도 목포시 해양대학로28 
711,목포아동원,전라남도 목포시 용당로 305번길 52 지하1층~지상3층
712,성덕원,전라남도 목포시 죽선로 39-2 성덕원
713,경애원,전라남도 목포시 양을로141번길6 
714,동민영아원,전라남도 목포시 용당로 284번길 21 
715,여수아이꿈터,전라남도 여수시 구봉길 6-11 (국동) 
716,삼혜원,전라남도 여수시 연등1길 38 (연등동) 
717,순천SOS어린이마을,전라남도 순천시 용수동길 111 순천SOS어린이마을
718,순천성신원,전라남도 순천시 저전길 84 인제동
719,나주백민원,전라남도 나주시 향교길 52 
720,나주금성원,전라남도 나주시 벽류길88-4 
721,이화영아원,전라남도 나주시 보현길 12 
722,영웅 ,"전라남도 광양시 서평9길 8,  1.2층"
723,화순자애원,전라남도 화순군 충의로273-1 2동3층
724,강진자비원,전라남도 강진군 강진읍 동성로 48 동성리267번지
725,해남등대원,전라남도 해남군 해리8길 19 
726,영애원,전라남도 영암군 회의촌길 19 
727,소전원,전라남도 무안군 일로중앙로19-13 
728,함평삼애원,전라남도 함평군 함평읍 내대화길 103-17 
729,함평시온원,전라남도 함평군 학교면 학다리길 349 
730,상록원,전라남도 장성군 장재길71-22 
731,신안보육원,전라남도 신안군 추섬길 213
732,꿈이룸 아동일시보호소,전라남도 무안군 도림길 3 꿈이룸 아동일시보호소
733,푸른동산,전라남도 영광군 성지로 1159 
734,목포자립생활관,전라남도 목포시 용당로305번길40 자립생활관
735,솔빛그룹홈,경상북도 포항 포항시 남구 축항로 78-4 
736,가온누리그룹홈,경상북도 포항 포항시 남구 대송면 제내길4 3층
737,신평아이꿈터,경상북도 구미 구미시 칠성로2길 35(구미남교회 사택1층)  
738,움트리그룹홈,경상북도 상주 상주시 공성면 영오3길 11-7 
739,스토르게그룹홈,경상북도 경산 경산시 경안로47길 14 
740,해솔그룹홈,경상북도 경산 경산시 진량읍 평사2길 2-7 
741,초록공간그룹홈,경상북도 경산 경산시 남매공원로2길 36 201호
742,사랑의집,경상북도 청도 청도군 풍각면 호동길 66-4 1층
743,그루한빛그룹홈,경상북도 경산 경산시 성암로12길 39-4 402호
744,선린애육원,경상북도 포항 포항시 북구 삼호로 480-33 
745,대자원,경상북도 경주 경주시 천북면 갈곡삼막길 34 
746,경주성애원,경상북도 경주 경주시 시래둑길 65 
747,사랑의집,경상북도 김천 김천시 대항면 황악로 1522-13 
748,베다니성화원,경상북도 김천 김천시 영남대로 1974(지좌동) 
749,임마누엘영육아원,경상북도 김천 김천시 한일길 17(교동) 
750,경안신육원,경상북도 안동 안동시 옹정골길 35(정상동) 
751,프란치스꼬청소년의집,경상북도 안동 안동시 마들제방길 349-32(용상동) 
752,삼성원,경상북도 구미 구미시 신시로 105 
753,영천희망원,경상북도 영천 영천시 한방로 195-6 
754,상주보육원,경상북도 상주 상주시 낙동면 영남제일로 1038-9 
755,신망애육원,경상북도 문경 문경시 영신영강길 50 (영신동 422번지)
756,의성자혜원,경상북도 의성 의성군 의성읍 북원3길 51-6 
757,경북기독보육원,경상북도 영덕 영덕군 영해면 원당1길 31 
758,실로암육아원,경상북도 성주 성주군 수륜면 성주가야산로 614 
759,아가페선교타운,경상북도 영천 영천시 화산면 신화로727 경북 영천시 화산면 화산1리 
760,청도샬롬의집,경상북도 청도 청도군 청도읍 원동길 29 1층
761,청계사의집(휴지 중),경상북도 청도 청도군 매전면 법이길29 1층
762,선린다온,경상북도 포항 포항시 북구 흥해읍 해안로 1499 
763,은혜의 집,경상남도 창원시 의창구 읍성로 102-1 3층
764,빛누리집,경상남도 창원시 마산합포구 구산면 옥계로11 단독
765,마산한울타리,경상남도 창원시 마산합포구 월영남로 59 106동 1603호
766,꿈놀이터,경상남도 창원시 진해구 인사로32번길 12 (제황산동)
767,행복울타리,경상남도 창원시 진해구 석동로75번길 20-8 (석동)
768,진주한울타리,경상남도 진주시 진주대로 1208번길 20 2동 205호
769,태양의집,경상남도 진주시 천수로 298번길 10 101동 101호
770,예닮이네 ,경상남도 진주시 하대로40번길 14 403호
771,임마누엘집,경상남도 진주시 동부로 2062 101동 203호
772,해들누리,경상남도 진주시 도동로 240번길 21-5 
773,통영한울타리,경상남도 통영시 봉수로 65 
774,옹달샘그룹홈,경상남도 통영시 미수해안로54-21 101동 102호
775,아이들둥지,경상남도 통영시 서송정2길 9 
776,파란나라,경상남도 통영시 서송정1길14 
777,까치둥지,경상남도 사천시 정동면 읍동길 27 사천청구타운 103동 506호
778,모모네,경상남도 사천시 정동면 옥산로 328  104-204호(삼성아파트)
779,호산나그룹홈,경상남도 사천시 숲안길 7-50 목조주택1층
780,두리골해맑은아이들의집,경상남도 김해시 삼안로 244 4동 104호
781,자작나무,경상남도 김해시 삼안로279번길 9 2층
782,콩이네집,경상남도 거제시 거제남서로3862 
783,좋은씨앗,경상남도 거제시 계룡로 120 거원빌라 103호
784,푸른나래,경상남도 양산시 신명동 6길 19 전층사용(4층건물)
785,연지,경상남도 양산시 명동4길 5-25 201호
786,푸른꿈,"경상남도 함안군 칠원읍 호곡1길 51-1, 1호 "
787,로뎀나무숲,경상남도 하동군 진교면 들포길 38  103동 107호
788,경천공간,경상남도 거창군 국농소3길 89 경천공간
789,동보원,경상남도 창원시 성산구 창이대로684번길 26 
790,영신원,경상남도 창원시 마산합포구 월영북로46 
791,마산애리원,경상남도 창원시 마산합포구 완월남6길 10 (완월동)
792,마산애육원,경상남도 창원시 마산합포구 산호남12길 10 산호동160번지
793,인애의집,경상남도 창원시 창원시 팔용로 270 인애의집
794,진해희망의집,경상남도 창원시 진해구 백구로6번길6 
795,진주기독육아원,경상남도 진주시 진양호로 145번길 11-3 
796,통영육아원,경상남도 통영시 도남로 304-8 
797,신애원,경상남도 사천시 구암1길 20-16 1층
798,방주원,경상남도 김해시 봉황대안길31 -
799,동광육아원,경상남도 김해시 대동로 417번길 48 -
800,진우원,경상남도 김해시 하계로338-20 D동
801,성우애육원,경상남도 밀양시 가곡11길 16 성우애육원
802,신망원,경상남도 밀양시 상남면 양림동촌 2길 14-1 신망원
803,한빛원,경상남도 밀양시 만어로 129 한빛원
804,성로육아원,경상남도 거제시  기성로 5길 17 
805,성지원,경상남도 거제시 거제대로3679-13 
806,양산애육원,경상남도 양산시 교동1길 51 양산애육원
807,혜림학원,경상남도 의령군 벽화로 621 
808,고성애육원,경상남도 고성군 성내로79번길 28 
809,보리수동산,경상남도 고성군 좌연4길 37-10 
810,남해자애원,경상남도 남해군 남해읍 망운로10번가길 22 
811,성민보육원,경상남도 함양군 함양읍 인당2길 35 
812,합천애육원,경상남도 합천군 중앙로 33-2 
813,동해청소년학교,경상남도 고성군 외산로 504-122 
814,진우아동종합복지관,경상남도 김해시 하계로338-20 A동
815,예향숲그룹홈,제주특별자치도 제주시 중산간서로 3920 
816,예향원그룹홈,제주특별자치도 제주시 중산간서로 3920 
817,제주몽생이그룹홈,제주특별자치도 제주시 월랑북길 44-6 301호
818,제주소나이그룹홈,제주특별자치도 제주시 화삼북로4길 28 1층
819,제주보육원,제주특별자치도 제주시 도근내길 42 
820,홍익아동복지센터,제주특별자치도 제주시 화삼로 145 
821,홍익영아원,제주특별자치도 제주시 화삼로 145 
822,제남아동센터,제주특별자치도 서귀포시 서호호근로 183-11 (서호동)
823,천사의집,제주특별자치도 서귀포시 대정읍신영로36번길6 
824,해담은집,제주특별자치도 제주시 제주시 원노형로 59 1층
825,시온빌,제주특별자치도 제주시 월랑로 95 1층
826,헤세드미술치유상담소,제주특별자치도 제주시 하가로1길 4 
